USE SwoopRun;


--roles
INSERT INTO roles  VALUES ('Customer', 'Users who have access to Restaurants');
INSERT INTO roles  VALUES ('Delivery Agent', 'Agents delivering the Orders from Restaurants to Customers');

SELECT * FROM roles;

--users
INSERT	INTO	users	 (	first_name	,	last_name	,	email) 	VALUES 	('Shreyas'	,'Ratnaparkhi'	,'shreyas.rp@swoop.com')	;
INSERT	INTO	users	 (	first_name	,	last_name	,	email) 	VALUES 	('Krati' 	,'Samdani' 	,'krati.samdani@swoop.com')	;
INSERT	INTO	users	 (	first_name	,	last_name	,	email) 	VALUES 	('Saili' 	,'Thakur'	,'saili.thakur@swoop.com')	;
INSERT	INTO	users	 (	first_name	,	last_name	,	email) 	VALUES 	('Aretha'	,'Pedeley'	,'aretha.pedeley@swoop.com')	;
INSERT	INTO	users	 (	first_name	,	last_name	,	email) 	VALUES 	('Charan'	,'Kattamanchi'	,'charan.k@swoop.com')	;
INSERT	INTO	users	 (	first_name	,	last_name	,	email) 	VALUES 	('Harsha'	,'Reddy'	,'harsha.reddy@swoop.com')	;
INSERT	INTO	users	 (	first_name	,	last_name	,	email) 	VALUES 	('Dan'	,'Hinkley'	,'dan.hinkley@utah.edu')	;
INSERT	INTO	users	 (	first_name	,	last_name	,	email) 	VALUES 	('Geoff'	,'Webb'	,'webb@venere.org')	;
INSERT	INTO	users	 (	first_name	,	last_name	,	email) 	VALUES 	('Miles'	,'Stacker'	,'miles@hotmail.com')	;
INSERT	INTO	users	 (	first_name	,	last_name	,	email) 	VALUES 	('Ching'	,'Oh'	,'ching.oh@cox.net')	;
INSERT	INTO	users	 (	first_name	,	last_name	,	email) 	VALUES 	('Simona'	,'Morasca'	,'simona@morasca.com')	;
INSERT	INTO	users	 (	first_name	,	last_name	,	email) 	VALUES 	('Mitsue'	,'Tollner'	,'mitsue_tollner@yahoo.com')	;
INSERT	INTO	users	 (	first_name	,	last_name	,	email) 	VALUES 	('Leota'	,'Dilliard'	,'leota@hotmail.com')	;
INSERT	INTO	users	 (	first_name	,	last_name	,	email) 	VALUES 	('Sage'	,'Wieser'	,'sage_wieser@cox.net')	;
INSERT	INTO	users	 (	first_name	,	last_name	,	email) 	VALUES 	('Kris'	,'Marrier'	,'kris@gmail.com')	;
INSERT	INTO	users	 (	first_name	,	last_name	,	email) 	VALUES 	('Minna'	,'Amigon'	,'minna_amigon@yahoo.com')	;
INSERT	INTO	users	 (	first_name	,	last_name	,	email) 	VALUES 	('Abel'	,'Maclead'	,'amaclead@gmail.com')	;
INSERT	INTO	users	 (	first_name	,	last_name	,	email) 	VALUES 	('Kiley'	,'Caldarera'	,'kiley.caldarera@aol.com')	;
INSERT	INTO	users	 (	first_name	,	last_name	,	email) 	VALUES 	('Graciela'	,'Ruta'	,'gruta@cox.net')	;
INSERT	INTO	users	 (	first_name	,	last_name	,	email) 	VALUES 	('Cammy'	,'Albares'	,'calbares@gmail.com')	;
INSERT	INTO	users	 (	first_name	,	last_name	,	email) 	VALUES 	('Mattie'	,'Poquette'	,'mattie@aol.com')	;
INSERT	INTO	users	 (	first_name	,	last_name	,	email) 	VALUES 	('Meaghan'	,'Garufi'	,'meaghan@hotmail.com')	;
INSERT	INTO	users	 (	first_name	,	last_name	,	email) 	VALUES 	('Gladys'	,'Rim'	,'gladys.rim@rim.org')	;
INSERT	INTO	users	 (	first_name	,	last_name	,	email) 	VALUES 	('Yuki'	,'Whobrey'	,'yuki_whobrey@aol.com')	;
INSERT	INTO	users	 (	first_name	,	last_name	,	email) 	VALUES 	('Fletcher'	,'Flosi'	,'fletcher.flosi@yahoo.com')	;
INSERT	INTO	users	 (	first_name	,	last_name	,	email) 	VALUES 	('Bette'	,'Nicka'	,'bette_nicka@cox.net')	;
INSERT	INTO	users	 (	first_name	,	last_name	,	email) 	VALUES 	('Veronika'	,'Inouye'	,'vinouye@aol.com')	;
INSERT	INTO	users	 (	first_name	,	last_name	,	email) 	VALUES 	('Willard'	,'Kolmetz'	,'willard@hotmail.com')	;
INSERT	INTO	users	 (	first_name	,	last_name	,	email) 	VALUES 	('Maryann'	,'Royster'	,'mroyster@royster.com')	;
INSERT	INTO	users	 (	first_name	,	last_name	,	email) 	VALUES 	('Alisha'	,'Slusarski'	,'alisha@slusarski.com')	;
INSERT	INTO	users	 (	first_name	,	last_name	,	email) 	VALUES 	('Simons'	,'Morris'	,'simons@morasca.com')	;
INSERT	INTO	users	 (	first_name	,	last_name	,	email) 	VALUES 	('Mins'	,'Cheesy'	,'mins_cheesy@yahoo.com')	;
INSERT	INTO	users	 (	first_name	,	last_name	,	email) 	VALUES 	('Leo'	,'David'	,'leodavid@hotmail.com')	;
INSERT	INTO	users	 (	first_name	,	last_name	,	email) 	VALUES 	('Saga'	,'Williams'	,'saga_williams@cox.net')	;
INSERT	INTO	users	 (	first_name	,	last_name	,	email) 	VALUES 	('Krish'	,'Mary'	,'krish_mary@gmail.com')	;
INSERT	INTO	users	 (	first_name	,	last_name	,	email) 	VALUES 	('Ori'	,'Wood'	,'nam.consequat@donec.net')	;
INSERT	INTO	users	 (	first_name	,	last_name	,	email) 	VALUES 	('Abe'	,'Maccullum'	,'abelead@gmail.com')	;
INSERT	INTO	users	 (	first_name	,	last_name	,	email) 	VALUES 	('Kiley'	,'Caldarera'	,'kiley.caldarera@aol.com')	;
INSERT	INTO	users	 (	first_name	,	last_name	,	email) 	VALUES 	('Grace'	,'Rustum'	,'grace@cox.net')	;
INSERT	INTO	users	 (	first_name	,	last_name	,	email) 	VALUES 	('Cairo'	,'Albert'	,'cairo@gmail.com')	;
INSERT	INTO	users	 (	first_name	,	last_name	,	email) 	VALUES 	('Jacob'	,'Butt'	,'jbutt@gmail.com')	;
INSERT	INTO	users	 (	first_name	,	last_name	,	email) 	VALUES 	('Josephine'	,'Darakjy'	,'josephine_darakjy@darakjy.org')	;
INSERT	INTO	users	 (	first_name	,	last_name	,	email) 	VALUES 	('Art'	,'Venere'	,'art@venere.org')	;
INSERT	INTO	users	 (	first_name	,	last_name	,	email) 	VALUES 	('Lenna'	,'Paprocki'	,'lpaprocki@hotmail.com')	;
INSERT	INTO	users	 (	first_name	,	last_name	,	email) 	VALUES 	('Donette'	,'Foller'	,'donette.foller@cox.net')	;
INSERT	INTO	users	 (	first_name	,	last_name	,	email) 	VALUES 	('Joe'	,'Root'	,'joe@gmail.com')	;
INSERT	INTO	users	 (	first_name	,	last_name	,	email) 	VALUES 	('Joseph'	,'David'	,'joseph_david@darakjy.org')	;
INSERT	INTO	users	 (	first_name	,	last_name	,	email) 	VALUES 	('Are'	,'Volve'	,'are@venere.org')	;
INSERT	INTO	users	 (	first_name	,	last_name	,	email) 	VALUES 	('Donald'	,'Tremp'	,'donald.tremp@hotmail.com')	;
INSERT	INTO	users	 (	first_name	,	last_name	,	email) 	VALUES 	('Rahul'	,'Raju'	,'rahul.raju@cox.net')	;
INSERT	INTO	users	 (	first_name	,	last_name	,	email) 	VALUES 	('Jasmine'	,'Dona'	,'jdona@gmail.com')	;
INSERT	INTO	users	 (	first_name	,	last_name	,	email) 	VALUES 	('Case'	,'Craig'	,'case_craig@darakjy.org')	;
INSERT	INTO	users	 (	first_name	,	last_name	,	email) 	VALUES 	('Ram'	,'Raj'	,'ramraj@venere.org')	;
INSERT	INTO	users	 (	first_name	,	last_name	,	email) 	VALUES 	('Lal'	,'Dave'	,'laldave2021@hotmail.com')	;
INSERT	INTO	users	 (	first_name	,	last_name	,	email) 	VALUES 	('Dev'	,'Doller'	,'dev.doller@cox.net')	;

SELECT * FROM users;
--user_roles
INSERT 	INTO 	user_roles 	(user_id	,	role_id)	VALUES	(	1	,	1	)	;
INSERT 	INTO 	user_roles 	(user_id	,	role_id)	VALUES	(	2	,	1	)	;
INSERT 	INTO 	user_roles 	(user_id	,	role_id)	VALUES	(	3	,	1	)	;
INSERT 	INTO 	user_roles 	(user_id	,	role_id)	VALUES	(	4	,	1	)	;
INSERT 	INTO 	user_roles 	(user_id	,	role_id)	VALUES	(	5	,	1	)	;
INSERT 	INTO 	user_roles 	(user_id	,	role_id)	VALUES	(	6	,	1	)	;
INSERT 	INTO 	user_roles 	(user_id	,	role_id)	VALUES	(	7	,	1	)	;
INSERT 	INTO 	user_roles 	(user_id	,	role_id)	VALUES	(	8	,	1	)	;
INSERT 	INTO 	user_roles 	(user_id	,	role_id)	VALUES	(	9	,	1	)	;
INSERT 	INTO 	user_roles 	(user_id	,	role_id)	VALUES	(	10	,	1	)	;
INSERT 	INTO 	user_roles 	(user_id	,	role_id)	VALUES	(	11	,	1	)	;
INSERT 	INTO 	user_roles 	(user_id	,	role_id)	VALUES	(	12	,	1	)	;
INSERT 	INTO 	user_roles 	(user_id	,	role_id)	VALUES	(	13	,	1	)	;
INSERT 	INTO 	user_roles 	(user_id	,	role_id)	VALUES	(	14	,	1	)	;
INSERT 	INTO 	user_roles 	(user_id	,	role_id)	VALUES	(	15	,	1	)	;
INSERT 	INTO 	user_roles 	(user_id	,	role_id)	VALUES	(	16	,	1	)	;
INSERT 	INTO 	user_roles 	(user_id	,	role_id)	VALUES	(	17	,	1	)	;
INSERT 	INTO 	user_roles 	(user_id	,	role_id)	VALUES	(	18	,	1	)	;
INSERT 	INTO 	user_roles 	(user_id	,	role_id)	VALUES	(	19	,	1	)	;
INSERT 	INTO 	user_roles 	(user_id	,	role_id)	VALUES	(	20	,	1	)	;
INSERT 	INTO 	user_roles 	(user_id	,	role_id)	VALUES	(	21	,	1	)	;
INSERT 	INTO 	user_roles 	(user_id	,	role_id)	VALUES	(	22	,	1	)	;
INSERT 	INTO 	user_roles 	(user_id	,	role_id)	VALUES	(	23	,	1	)	;
INSERT 	INTO 	user_roles 	(user_id	,	role_id)	VALUES	(	24	,	1	)	;
INSERT 	INTO 	user_roles 	(user_id	,	role_id)	VALUES	(	25	,	1	)	;
INSERT 	INTO 	user_roles 	(user_id	,	role_id)	VALUES	(	26	,	1	)	;
INSERT 	INTO 	user_roles 	(user_id	,	role_id)	VALUES	(	27	,	1	)	;
INSERT 	INTO 	user_roles 	(user_id	,	role_id)	VALUES	(	28	,	1	)	;
INSERT 	INTO 	user_roles 	(user_id	,	role_id)	VALUES	(	29	,	1	)	;
INSERT 	INTO 	user_roles 	(user_id	,	role_id)	VALUES	(	30	,	1	)	;
INSERT 	INTO 	user_roles 	(user_id	,	role_id)	VALUES	(	31	,	1	)	;
INSERT 	INTO 	user_roles 	(user_id	,	role_id)	VALUES	(	32	,	1	)	;
INSERT 	INTO 	user_roles 	(user_id	,	role_id)	VALUES	(	33	,	1	)	;
INSERT 	INTO 	user_roles 	(user_id	,	role_id)	VALUES	(	34	,	1	)	;
INSERT 	INTO 	user_roles 	(user_id	,	role_id)	VALUES	(	35	,	1	)	;
INSERT 	INTO 	user_roles 	(user_id	,	role_id)	VALUES	(	36	,	1	)	;
INSERT 	INTO 	user_roles 	(user_id	,	role_id)	VALUES	(	37	,	1	)	;
INSERT 	INTO 	user_roles 	(user_id	,	role_id)	VALUES	(	38	,	1	)	;
INSERT 	INTO 	user_roles 	(user_id	,	role_id)	VALUES	(	39	,	1	)	;
INSERT 	INTO 	user_roles 	(user_id	,	role_id)	VALUES	(	40	,	1	)	;
INSERT 	INTO 	user_roles 	(user_id	,	role_id)	VALUES	(	41	,	1	)	;
INSERT 	INTO 	user_roles 	(user_id	,	role_id)	VALUES	(	42	,	1	)	;
INSERT 	INTO 	user_roles 	(user_id	,	role_id)	VALUES	(	43	,	1	)	;
INSERT 	INTO 	user_roles 	(user_id	,	role_id)	VALUES	(	44	,	1	)	;
INSERT 	INTO 	user_roles 	(user_id	,	role_id)	VALUES	(	45	,	1	)	;
INSERT 	INTO 	user_roles 	(user_id	,	role_id)	VALUES	(	46	,	1	)	;
INSERT 	INTO 	user_roles 	(user_id	,	role_id)	VALUES	(	47	,	1	)	;
INSERT 	INTO 	user_roles 	(user_id	,	role_id)	VALUES	(	48	,	1	)	;
INSERT 	INTO 	user_roles 	(user_id	,	role_id)	VALUES	(	49	,	1	)	;
INSERT 	INTO 	user_roles 	(user_id	,	role_id)	VALUES	(	50	,	1	)	;
INSERT 	INTO 	user_roles 	(user_id	,	role_id)	VALUES	(	51	,	1	)	;
INSERT 	INTO 	user_roles 	(user_id	,	role_id)	VALUES	(	52	,	1	)	;
INSERT 	INTO 	user_roles 	(user_id	,	role_id)	VALUES	(	53	,	1	)	;
INSERT 	INTO 	user_roles 	(user_id	,	role_id)	VALUES	(	54	,	1	)	;
INSERT 	INTO 	user_roles 	(user_id	,	role_id)	VALUES	(	55	,	1	)	;
INSERT 	INTO 	user_roles 	(user_id	,	role_id)	VALUES	(	1	,	2	)	;
INSERT 	INTO 	user_roles 	(user_id	,	role_id)	VALUES	(	8	,	2	)	;
INSERT 	INTO 	user_roles 	(user_id	,	role_id)	VALUES	(	12	,	2	)	;
INSERT 	INTO 	user_roles 	(user_id	,	role_id)	VALUES	(	16	,	2	)	;
INSERT 	INTO 	user_roles 	(user_id	,	role_id)	VALUES	(	20	,	2	)	;
INSERT 	INTO 	user_roles 	(user_id	,	role_id)	VALUES	(	24	,	2	)	;
INSERT 	INTO 	user_roles 	(user_id	,	role_id)	VALUES	(	28	,	2	)	;
INSERT 	INTO 	user_roles 	(user_id	,	role_id)	VALUES	(	32	,	2	)	;
INSERT 	INTO 	user_roles 	(user_id	,	role_id)	VALUES	(	36	,	2	)	;
INSERT 	INTO 	user_roles 	(user_id	,	role_id)	VALUES	(	40	,	2	)	;
INSERT 	INTO 	user_roles 	(user_id	,	role_id)	VALUES	(	44	,	2	)	;
INSERT 	INTO 	user_roles 	(user_id	,	role_id)	VALUES	(	48	,	2	)	;

SELECT * FROM user_roles;


--contact_details

INSERT INTO 	contact_details  (user_id, phone_num)  	VALUES ( 	1	,'563-833-4422');
INSERT INTO 	contact_details  (user_id, phone_num)  	VALUES ( 	2	,'715-195-8857');
INSERT INTO 	contact_details  (user_id, phone_num)  	VALUES ( 	3	,'453-624-2952');
INSERT INTO 	contact_details  (user_id, phone_num)  	VALUES ( 	4	,'316-397-2581');
INSERT INTO 	contact_details  (user_id, phone_num)  	VALUES ( 	5	,'568-884-6351');
INSERT INTO 	contact_details  (user_id, phone_num)  	VALUES ( 	6	,'266-291-2628');
INSERT INTO 	contact_details  (user_id, phone_num)  	VALUES ( 	7	,'315-843-0103');
INSERT INTO 	contact_details  (user_id, phone_num)  	VALUES ( 	8	,'615-648-5682');
INSERT INTO 	contact_details  (user_id, phone_num)  	VALUES ( 	9	,'286-119-7497');
INSERT INTO 	contact_details  (user_id, phone_num)  	VALUES ( 	10	,'228-933-3305');
INSERT INTO 	contact_details  (user_id, phone_num)  	VALUES ( 	11	,'408-858-9213');
INSERT INTO 	contact_details  (user_id, phone_num)  	VALUES ( 	12	,'489-361-9164');
INSERT INTO 	contact_details  (user_id, phone_num)  	VALUES ( 	13	,'694-852-5231');
INSERT INTO 	contact_details  (user_id, phone_num)  	VALUES ( 	14	,'462-875-2236');
INSERT INTO 	contact_details  (user_id, phone_num)  	VALUES ( 	15	,'661-839-1955');
INSERT INTO 	contact_details  (user_id, phone_num)  	VALUES ( 	16	,'756-680-8211');
INSERT INTO 	contact_details  (user_id, phone_num)  	VALUES ( 	17	,'888-888-5236');
INSERT INTO 	contact_details  (user_id, phone_num)  	VALUES ( 	18	,'864-684-5575');
INSERT INTO 	contact_details  (user_id, phone_num)  	VALUES ( 	19	,'836-277-3346');
INSERT INTO 	contact_details  (user_id, phone_num)  	VALUES ( 	20	,'696-764-5732');
INSERT INTO 	contact_details  (user_id, phone_num)  	VALUES ( 	21	,'229-637-1612');
INSERT INTO 	contact_details  (user_id, phone_num)  	VALUES ( 	22	,'900-518-1700');
INSERT INTO 	contact_details  (user_id, phone_num)  	VALUES ( 	23	,'910-883-2259');
INSERT INTO 	contact_details  (user_id, phone_num)  	VALUES ( 	24	,'777-536-8177');
INSERT INTO 	contact_details  (user_id, phone_num)  	VALUES ( 	25	,'323-358-6733');
INSERT INTO 	contact_details  (user_id, phone_num)  	VALUES ( 	26	,'923-203-5337');
INSERT INTO 	contact_details  (user_id, phone_num)  	VALUES ( 	27	,'341-712-6155');
INSERT INTO 	contact_details  (user_id, phone_num)  	VALUES ( 	28	,'551-863-4997');
INSERT INTO 	contact_details  (user_id, phone_num)  	VALUES ( 	29	,'622-170-7317');
INSERT INTO 	contact_details  (user_id, phone_num)  	VALUES ( 	30	,'664-247-4137');
INSERT INTO 	contact_details  (user_id, phone_num)  	VALUES ( 	31	,'849-888-6772');
INSERT INTO 	contact_details  (user_id, phone_num)  	VALUES ( 	32	,'617-368-5658');
INSERT INTO 	contact_details  (user_id, phone_num)  	VALUES ( 	33	,'971-809-1270');
INSERT INTO 	contact_details  (user_id, phone_num)  	VALUES ( 	34	,'758-288-5996');
INSERT INTO 	contact_details  (user_id, phone_num)  	VALUES ( 	35	,'482-571-6338');
INSERT INTO 	contact_details  (user_id, phone_num)  	VALUES ( 	36	,'769-623-3428');
INSERT INTO 	contact_details  (user_id, phone_num)  	VALUES ( 	37	,'234-533-9624');
INSERT INTO 	contact_details  (user_id, phone_num)  	VALUES ( 	38	,'789-647-3762');
INSERT INTO 	contact_details  (user_id, phone_num)  	VALUES ( 	39	,'927-821-3394');
INSERT INTO 	contact_details  (user_id, phone_num)  	VALUES ( 	40	,'737-551-5926');
INSERT INTO 	contact_details  (user_id, phone_num)  	VALUES ( 	41	,'553-560-6756');
INSERT INTO 	contact_details  (user_id, phone_num)  	VALUES ( 	42	,'718-221-4106');
INSERT INTO 	contact_details  (user_id, phone_num)  	VALUES ( 	43	,'171-843-2137');
INSERT INTO 	contact_details  (user_id, phone_num)  	VALUES ( 	44	,'183-836-6269');
INSERT INTO 	contact_details  (user_id, phone_num)  	VALUES ( 	45	,'860-411-2884');
INSERT INTO 	contact_details  (user_id, phone_num)  	VALUES ( 	46	,'510-159-8579');
INSERT INTO 	contact_details  (user_id, phone_num)  	VALUES ( 	47	,'315-451-4127');
INSERT INTO 	contact_details  (user_id, phone_num)  	VALUES ( 	48	,'328-206-8134');
INSERT INTO 	contact_details  (user_id, phone_num)  	VALUES ( 	49	,'287-664-4685');
INSERT INTO 	contact_details  (user_id, phone_num)  	VALUES ( 	50	,'624-333-5385');
INSERT INTO 	contact_details  (user_id, phone_num)  	VALUES ( 	51	,'502-710-4216');
INSERT INTO 	contact_details  (user_id, phone_num)  	VALUES ( 	52	,'732-456-1112');
INSERT INTO 	contact_details  (user_id, phone_num)  	VALUES ( 	53	,'786-732-1627');
INSERT INTO 	contact_details  (user_id, phone_num)  	VALUES ( 	54	,'863-558-6461');
INSERT INTO 	contact_details  (user_id, phone_num)  	VALUES ( 	55	,'689-685-4698');
INSERT INTO 	contact_details  (user_id, phone_num)  	VALUES ( 	1	,'519-642-8577');
INSERT INTO 	contact_details  (user_id, phone_num)  	VALUES ( 	4	,'912-918-4639');
INSERT INTO 	contact_details  (user_id, phone_num)  	VALUES ( 	8	,'676-881-2563');
INSERT INTO 	contact_details  (user_id, phone_num)  	VALUES ( 	12	,'405-441-6386');
INSERT INTO 	contact_details  (user_id, phone_num)  	VALUES ( 	16	,'874-894-6103');
INSERT INTO 	contact_details  (user_id, phone_num)  	VALUES ( 	20	,'778-551-5219');
INSERT INTO 	contact_details  (user_id, phone_num)  	VALUES ( 	24	,'642-659-2201');
INSERT INTO 	contact_details  (user_id, phone_num)  	VALUES ( 	28	,'669-257-8665');
INSERT INTO 	contact_details  (user_id, phone_num)  	VALUES ( 	32	,'682-463-7093');
INSERT INTO 	contact_details  (user_id, phone_num)  	VALUES ( 	36	,'849-138-6364');

SELECT * FROM contact_details;

--user_address

INSERT INTO user_address ( user_id, street_addr, city, zip_code, latitude, longitude) VALUES ( 	1	,'204 W 2100 S 21LUX aptB423','Salt Lake City',	84115	,	-12.2553556	,	47.93037076	);
INSERT INTO user_address ( user_id, street_addr, city, zip_code, latitude, longitude) VALUES ( 	2	,'100 E 900 S Avia apt 19','Salt Lake City',	84112	,	-2.456523878	,	-17.32953027	);
INSERT INTO user_address ( user_id, street_addr, city, zip_code, latitude, longitude) VALUES ( 	3	,'594-2554 Blandit. St.','Salt Lake City',	84114	,	72.80133048	,	2.562435994	);
INSERT INTO user_address ( user_id, street_addr, city, zip_code, latitude, longitude) VALUES ( 	4	,'Apt-359-9274 Integer Rd.','Salt Lake City',	84007	,	-74.14757734	,	-174.658431	);
INSERT INTO user_address ( user_id, street_addr, city, zip_code, latitude, longitude) VALUES ( 	5	,'2992 Ultrices, Ave','Salt Lake City',	84009	,	10.21165486	,	97.37600113	);
INSERT INTO user_address ( user_id, street_addr, city, zip_code, latitude, longitude) VALUES ( 	6	,'Apt-965-6045 Posuere, Avenue','Salt Lake City',	84011	,	-73.07795773	,	-99.02171116	);
INSERT INTO user_address ( user_id, street_addr, city, zip_code, latitude, longitude) VALUES ( 	7	,'4079 Cum St.','Salt Lake City',	84013	,	-58.97576694	,	-98.38861148	);
INSERT INTO user_address ( user_id, street_addr, city, zip_code, latitude, longitude) VALUES ( 	8	,'Apt-174-4041 Mauris Street','Salt Lake City',	84015	,	11.22709606	,	-22.19784284	);
INSERT INTO user_address ( user_id, street_addr, city, zip_code, latitude, longitude) VALUES ( 	9	,'Apt-234-5832 Velit. Ave','Salt Lake City',	84017	,	72.70925967	,	34.80516219	);
INSERT INTO user_address ( user_id, street_addr, city, zip_code, latitude, longitude) VALUES ( 	10	,'P.O. Box 453, 1152 Et Street','Salt Lake City',	84019	,	56.47716567	,	-33.51863788	);
INSERT INTO user_address ( user_id, street_addr, city, zip_code, latitude, longitude) VALUES ( 	11	,'3738 Dignissim Ave','Salt Lake City',	84121	,	-66.71210435	,	135.8045624	);
INSERT INTO user_address ( user_id, street_addr, city, zip_code, latitude, longitude) VALUES ( 	12	,'Apt-616-7554 Donec St.','Salt Lake City',	84023	,	-23.06415186	,	-84.16050985	);
INSERT INTO user_address ( user_id, street_addr, city, zip_code, latitude, longitude) VALUES ( 	13	,'P.O. Box 606, 8028 Ante Rd.','Salt Lake City',	84025	,	47.82283981	,	37.33729812	);
INSERT INTO user_address ( user_id, street_addr, city, zip_code, latitude, longitude) VALUES ( 	14	,'Apt-596-6365 Quisque Rd.','Salt Lake City',	84027	,	71.22405908	,	171.1315667	);
INSERT INTO user_address ( user_id, street_addr, city, zip_code, latitude, longitude) VALUES ( 	15	,'210-6793 A, Av.','Salt Lake City',	84029	,	58.8132651	,	-35.86129336	);
INSERT INTO user_address ( user_id, street_addr, city, zip_code, latitude, longitude) VALUES ( 	16	,'Apt-591-1383 Sed Rd.','Salt Lake City',	84031	,	-49.60280904	,	-83.50956452	);
INSERT INTO user_address ( user_id, street_addr, city, zip_code, latitude, longitude) VALUES ( 	17	,'Apt-523-5310 Et Rd.','Salt Lake City',	84033	,	-42.60667034	,	98.29599775	);
INSERT INTO user_address ( user_id, street_addr, city, zip_code, latitude, longitude) VALUES ( 	18	,'636-3905 Ultricies St.','Salt Lake City',	84035	,	52.23126344	,	-74.63659561	);
INSERT INTO user_address ( user_id, street_addr, city, zip_code, latitude, longitude) VALUES ( 	19	,'873-6511 Et Avenue','Salt Lake City',	84037	,	46.1013205	,	-35.96743905	);
INSERT INTO user_address ( user_id, street_addr, city, zip_code, latitude, longitude) VALUES ( 	20	,'457-8607 Ac Street','Salt Lake City',	84039	,	-6.42670551	,	59.08077036	);
INSERT INTO user_address ( user_id, street_addr, city, zip_code, latitude, longitude) VALUES ( 	21	,'Apt-713-492 Vitae, St.','Salt Lake City',	84041	,	55.29241006	,	142.945583	);
INSERT INTO user_address ( user_id, street_addr, city, zip_code, latitude, longitude) VALUES ( 	22	,'Apt-332-3454 Adipiscing. St.','Salt Lake City',	84043	,	38.42641244	,	115.5960633	);
INSERT INTO user_address ( user_id, street_addr, city, zip_code, latitude, longitude) VALUES ( 	23	,'541-4317 Non, Ave','Salt Lake City',	84045	,	52.11595807	,	175.3115799	);
INSERT INTO user_address ( user_id, street_addr, city, zip_code, latitude, longitude) VALUES ( 	24	,'1057 Adipiscing. Rd.','Salt Lake City',	84047	,	-36.58755205	,	-88.58508268	);
INSERT INTO user_address ( user_id, street_addr, city, zip_code, latitude, longitude) VALUES ( 	25	,'957 Urna. St.','Salt Lake City',	84049	,	4.451856486	,	-59.37790321	);
INSERT INTO user_address ( user_id, street_addr, city, zip_code, latitude, longitude) VALUES ( 	26	,'311-4667 Elit Av.','Salt Lake City',	84051	,	77.61594573	,	-65.65498706	);
INSERT INTO user_address ( user_id, street_addr, city, zip_code, latitude, longitude) VALUES ( 	27	,'576-4170 Elementum, Av.','Salt Lake City',	84053	,	32.14013972	,	65.79103898	);
INSERT INTO user_address ( user_id, street_addr, city, zip_code, latitude, longitude) VALUES ( 	28	,'P.O. Box 737, 4421 Cras Road','Salt Lake City',	84055	,	51.95294648	,	149.4881581	);
INSERT INTO user_address ( user_id, street_addr, city, zip_code, latitude, longitude) VALUES ( 	29	,'Apt-167-6919 Enim. Street','Salt Lake City',	84057	,	6.198256128	,	-83.04384543	);
INSERT INTO user_address ( user_id, street_addr, city, zip_code, latitude, longitude) VALUES ( 	30	,'Apt-671-8288 Morbi St.','Salt Lake City',	84059	,	68.97423176	,	69.28326523	);
INSERT INTO user_address ( user_id, street_addr, city, zip_code, latitude, longitude) VALUES ( 	31	,'461-5068 Donec Street','Salt Lake City',	84061	,	39.75063634	,	-143.2968202	);
INSERT INTO user_address ( user_id, street_addr, city, zip_code, latitude, longitude) VALUES ( 	32	,'Apt-611-930 Iaculis Road','Salt Lake City',	84063	,	-17.36763013	,	-107.8100694	);
INSERT INTO user_address ( user_id, street_addr, city, zip_code, latitude, longitude) VALUES ( 	33	,'Apt-748-9172 Sociis Ave','Salt Lake City',	84065	,	-9.740585062	,	-87.06472653	);
INSERT INTO user_address ( user_id, street_addr, city, zip_code, latitude, longitude) VALUES ( 	34	,'Apt-351-3656 Ornare, Avenue','Salt Lake City',	84067	,	-38.45971282	,	-165.8660887	);
INSERT INTO user_address ( user_id, street_addr, city, zip_code, latitude, longitude) VALUES ( 	35	,'147-826 Nulla. Street','Salt Lake City',	84069	,	43.98919322	,	-90.47934106	);
INSERT INTO user_address ( user_id, street_addr, city, zip_code, latitude, longitude) VALUES ( 	36	,'532-2527 Sem Street','Salt Lake City',	84071	,	-39.00979497	,	-137.2342839	);
INSERT INTO user_address ( user_id, street_addr, city, zip_code, latitude, longitude) VALUES ( 	37	,'Apt-380-2127 Pellentesque Ave','Salt Lake City',	84073	,	-16.78030203	,	97.03261041	);
INSERT INTO user_address ( user_id, street_addr, city, zip_code, latitude, longitude) VALUES ( 	38	,'7559 Consectetuer Street','Salt Lake City',	84075	,	36.12822067	,	-167.287295	);
INSERT INTO user_address ( user_id, street_addr, city, zip_code, latitude, longitude) VALUES ( 	39	,'Apt-235-6059 Placerat, Street','Salt Lake City',	84077	,	-80.68945777	,	-145.7129526	);
INSERT INTO user_address ( user_id, street_addr, city, zip_code, latitude, longitude) VALUES ( 	40	,'P.O. Box 511, 1318 Lacus. Street','Salt Lake City',	84079	,	88.93069804	,	-169.7903589	);
INSERT INTO user_address ( user_id, street_addr, city, zip_code, latitude, longitude) VALUES ( 	41	,'P.O. Box 944, 465 Vitae, Street','Salt Lake City',	84081	,	42.13124362	,	-74.5370452	);
INSERT INTO user_address ( user_id, street_addr, city, zip_code, latitude, longitude) VALUES ( 	42	,'Apt-839-7964 Luctus Road','Salt Lake City',	84083	,	-22.61311017	,	-2.542973645	);
INSERT INTO user_address ( user_id, street_addr, city, zip_code, latitude, longitude) VALUES ( 	43	,'P.O. Box 888, 9675 Laoreet, Road','Salt Lake City',	84085	,	-43.99736074	,	58.05002342	);
INSERT INTO user_address ( user_id, street_addr, city, zip_code, latitude, longitude) VALUES ( 	44	,'355-9304 Magna. Rd.','Salt Lake City',	84087	,	-66.62478909	,	11.73009398	);
INSERT INTO user_address ( user_id, street_addr, city, zip_code, latitude, longitude) VALUES ( 	45	,'P.O. Box 242, 7207 Consectetuer St.','Salt Lake City',	84089	,	41.51014717	,	85.76213381	);
INSERT INTO user_address ( user_id, street_addr, city, zip_code, latitude, longitude) VALUES ( 	46	,'314-4569 Id, Avenue','Salt Lake City',	84091	,	-63.86523904	,	-82.21773742	);
INSERT INTO user_address ( user_id, street_addr, city, zip_code, latitude, longitude) VALUES ( 	47	,'774-3037 Tempus Rd.','Salt Lake City',	84093	,	-65.96255222	,	-155.8823292	);
INSERT INTO user_address ( user_id, street_addr, city, zip_code, latitude, longitude) VALUES ( 	48	,'Apt-841-1355 Consequat Road','Salt Lake City',	84095	,	0.307739546	,	174.2563999	);
INSERT INTO user_address ( user_id, street_addr, city, zip_code, latitude, longitude) VALUES ( 	49	,'Apt-339-6364 Posuere Av.','Salt Lake City',	84097	,	-10.65675878	,	-117.27881	);
INSERT INTO user_address ( user_id, street_addr, city, zip_code, latitude, longitude) VALUES ( 	50	,'595-6626 Et, Av.','Salt Lake City',	84099	,	87.94966856	,	143.317732	);
INSERT INTO user_address ( user_id, street_addr, city, zip_code, latitude, longitude) VALUES ( 	51	,'Apt-818-9526 Venenatis Av.','Salt Lake City',	84101	,	-38.19372687	,	-59.346944	);
INSERT INTO user_address ( user_id, street_addr, city, zip_code, latitude, longitude) VALUES ( 	52	,'Apt-488-7476 Cras Av.','Salt Lake City',	84103	,	-89.30058476	,	118.9460352	);
INSERT INTO user_address ( user_id, street_addr, city, zip_code, latitude, longitude) VALUES ( 	53	,'1992 Taciti Rd.','Salt Lake City',	84105	,	72.1715755	,	5.948140134	);
INSERT INTO user_address ( user_id, street_addr, city, zip_code, latitude, longitude) VALUES ( 	54	,'Apt-162-1964 Nisi Avenue','Salt Lake City',	84107	,	32.91909028	,	-67.21922724	);
INSERT INTO user_address ( user_id, street_addr, city, zip_code, latitude, longitude) VALUES ( 	55	,'P.O. Box 557, 3680 Quisque Ave','Salt Lake City',	84109	,	-22.30879887	,	-57.56173312	);
INSERT INTO user_address ( user_id, street_addr, city, zip_code, latitude, longitude) VALUES ( 	1	,'P.O. Box 629, 9551 Fusce Rd.','Salt Lake City',	84111	,	60.53447229	,	7.808361779	);
INSERT INTO user_address ( user_id, street_addr, city, zip_code, latitude, longitude) VALUES ( 	4	,'2218 Donec Road','Salt Lake City',	84113	,	-59.15686072	,	129.3403441	);
INSERT INTO user_address ( user_id, street_addr, city, zip_code, latitude, longitude) VALUES ( 	8	,'185-2429 Hendrerit St.','Salt Lake City',	84115	,	78.8831019	,	-126.0409904	);
INSERT INTO user_address ( user_id, street_addr, city, zip_code, latitude, longitude) VALUES ( 	12	,'Apt-161-3919 Sed St.','Salt Lake City',	84117	,	-9.836161638	,	-47.9411586	);
INSERT INTO user_address ( user_id, street_addr, city, zip_code, latitude, longitude) VALUES ( 	16	,'Apt-610-6943 Fermentum Ave','Salt Lake City',	84119	,	0.594971546	,	-99.0315817	);
INSERT INTO user_address ( user_id, street_addr, city, zip_code, latitude, longitude) VALUES ( 	20	,'Apt-766-8502 Ligula Ave','Salt Lake City',	84121	,	-34.27788104	,	136.0417523	);
INSERT INTO user_address ( user_id, street_addr, city, zip_code, latitude, longitude) VALUES ( 	24	,'P.O. Box 340, 4169 Consectetuer Street','Salt Lake City',	84123	,	11.81949194	,	-122.5150532	);
INSERT INTO user_address ( user_id, street_addr, city, zip_code, latitude, longitude) VALUES ( 	28	,'Apt-558-9902 Sem Avenue','Salt Lake City',	84125	,	52.93977754	,	-64.72686643	);
INSERT INTO user_address ( user_id, street_addr, city, zip_code, latitude, longitude) VALUES ( 	32	,'8531 Massa. Street','Salt Lake City',	84127	,	-47.62820751	,	-52.37417718	);
INSERT INTO user_address ( user_id, street_addr, city, zip_code, latitude, longitude) VALUES ( 	36	,'Apt-846-204 In Ave','Salt Lake City',	84129	,	11.57606246	,	24.83340124	);
INSERT INTO user_address ( user_id, street_addr, city, zip_code, latitude, longitude) VALUES ( 	40	,'4680 In St.','Salt Lake City',	84131	,	0.594971546	,	-99.0315817	);
INSERT INTO user_address ( user_id, street_addr, city, zip_code, latitude, longitude) VALUES ( 	45	,'648-8603 Pellentesque Road','Salt Lake City',	84133	,	-34.27788104	,	136.0417523	);

SELECT * FROM user_address;


--restaurant

INSERT INTO restaurant (restaurant_name,street_addr,city,state,zip_code,contact_number,opening_time,closing_time,latitude,longitude) VALUES ('Taco Bell','621 E 400 S','Salt Lake City','UT','84102','8013284499','10:00','21:00',20.78,34.78);
INSERT INTO restaurant (restaurant_name,street_addr,city,state,zip_code,contact_number,opening_time,closing_time,latitude,longitude) VALUES ('The Old Spaghetti Factory','189 Trolley Sq','Salt Lake City','UT','84104','8015210424','7:00','23:00',78.98,45.89);
INSERT INTO restaurant (restaurant_name,street_addr,city,state,zip_code,contact_number,opening_time,closing_time,latitude,longitude) VALUES ('Normal Ice Cream','600 S 700 E','Salt Lake City','UT','84105','3858001367','9:00','20:00',45.98,23.98);
INSERT INTO restaurant (restaurant_name,street_addr,city,state,zip_code,contact_number,opening_time,closing_time,latitude,longitude) VALUES ('Tucci''s Cucina Italiana','515 S 700 E Ste 1D','Salt Lake City','UT','84102','8015339111','11:00','15:00',34.98,23.56);
INSERT INTO restaurant (restaurant_name,street_addr,city,state,zip_code,contact_number,opening_time,closing_time,latitude,longitude) VALUES ('Big Daddy''s Pizza','470 S 700 E','Salt Lake City','UT','84102','8017467499','19:00','23:00',98.34,56.56);
INSERT INTO restaurant (restaurant_name,street_addr,city,state,zip_code,contact_number,opening_time,closing_time,latitude,longitude) VALUES ('Saffron Valley','1098 UT-151 Unit 102, South Jordan','Salt Lake City','UT','84095','8014384823','10:00','19:30',67.78,34.78);
INSERT INTO restaurant (restaurant_name,street_addr,city,state,zip_code,contact_number,opening_time,closing_time,latitude,longitude) VALUES ('Cafe Zupas','613 E 400 S','Salt Lake City','UT','84102','8017460138','9:30','16:00',34.56,45.77);
INSERT INTO restaurant (restaurant_name,street_addr,city,state,zip_code,contact_number,opening_time,closing_time,latitude,longitude) VALUES ('Tony Burgers','613 E 425 S','Salt Lake City','UT','84102','8014190631','10:00','18:00',55.78,34.9);
INSERT INTO restaurant (restaurant_name,street_addr,city,state,zip_code,contact_number,opening_time,closing_time,latitude,longitude) VALUES ('Pizzeria Limone','613 E 500 S','Salt Lake City','UT','84102','8019530200','10:30','18:30',45.55,34.22);
INSERT INTO restaurant (restaurant_name,street_addr,city,state,zip_code,contact_number,opening_time,closing_time,latitude,longitude) VALUES ('Cafe Trio Downtown','680 S 900 E','Salt Lake City','UT','84102','8015338746','11:00','17:30',98.9,77.88);
INSERT INTO restaurant (restaurant_name,street_addr,city,state,zip_code,contact_number,opening_time,closing_time,latitude,longitude) VALUES ('Khaatmandu','621 W 400 S','Salt Lake City','UT','84103','8013284455','10:00','21:00',10.78,24.78);
INSERT INTO restaurant (restaurant_name,street_addr,city,state,zip_code,contact_number,opening_time,closing_time,latitude,longitude) VALUES ('Chipotle','170 Trolley Sq','Salt Lake City','UT','84104','8015210433','7:00','12:00',58.78,35.49);
INSERT INTO restaurant (restaurant_name,street_addr,city,state,zip_code,contact_number,opening_time,closing_time,latitude,longitude) VALUES ('Zoo Ice Cream','630 S 720 E','Salt Lake City','UT','84105','3858001322','9:00','20:00',35.58,13.58);
INSERT INTO restaurant (restaurant_name,street_addr,city,state,zip_code,contact_number,opening_time,closing_time,latitude,longitude) VALUES ('Flechazo Italiana','500 S 700 W','Salt Lake City','UT','84109','8015339188','11:00','15:00',24.68,33.46);
INSERT INTO restaurant (restaurant_name,street_addr,city,state,zip_code,contact_number,opening_time,closing_time,latitude,longitude) VALUES ('Big Daddys Pizza','470 S 700 E','Salt Lake City','UT','84115','8017467477','19:00','23:00',68.64,66.66);
INSERT INTO restaurant (restaurant_name,street_addr,city,state,zip_code,contact_number,opening_time,closing_time,latitude,longitude) VALUES ('Himalayan','1098 UT-151 , South Jordan','Salt Lake City','UT','84115','9014386623','9:00','19:30',66.77,34.78);
INSERT INTO restaurant (restaurant_name,street_addr,city,state,zip_code,contact_number,opening_time,closing_time,latitude,longitude) VALUES ('KFC','320 E 600 S','Salt Lake City','UT','84112','9017460038','8:30','16:00',33.55,49.77);
INSERT INTO restaurant (restaurant_name,street_addr,city,state,zip_code,contact_number,opening_time,closing_time,latitude,longitude) VALUES ('McDonalds','693 W 455 S','Salt Lake City','UT','84122','9014197731','7:00','18:00',52.48,54.96);
INSERT INTO restaurant (restaurant_name,street_addr,city,state,zip_code,contact_number,opening_time,closing_time,latitude,longitude) VALUES ('Kebab House','300 W 3000 S','Salt Lake City','UT','84132','9019550200','6:30','18:30',25.35,24.12);
INSERT INTO restaurant (restaurant_name,street_addr,city,state,zip_code,contact_number,opening_time,closing_time,latitude,longitude) VALUES ('Heart Cup cafe','640 S 930 E','Salt Lake City','UT','84116','9015333346','13:00','19:30',58.90,67.38);


SELECT * FROM restaurant;

--restaurant_type

INSERT INTO restaurant_type (restaurant_id , cuisine) VALUES (1,'Mexican');
INSERT INTO restaurant_type (restaurant_id , cuisine) VALUES (2,'Italian');
INSERT INTO restaurant_type (restaurant_id , cuisine) VALUES (3,'Dessert');
INSERT INTO restaurant_type (restaurant_id , cuisine) VALUES (4,'Italian');
INSERT INTO restaurant_type (restaurant_id , cuisine) VALUES (5,'Italian');
INSERT INTO restaurant_type (restaurant_id , cuisine) VALUES (6,'Indian');
INSERT INTO restaurant_type (restaurant_id , cuisine) VALUES (7,'American');
INSERT INTO restaurant_type (restaurant_id , cuisine) VALUES (8,'Italian');
INSERT INTO restaurant_type (restaurant_id , cuisine) VALUES (9,'American');
INSERT INTO restaurant_type (restaurant_id , cuisine) VALUES (10,'Italian');
INSERT INTO restaurant_type (restaurant_id , cuisine) VALUES (10,'American');
INSERT INTO restaurant_type (restaurant_id , cuisine) VALUES (11,'Asian');
INSERT INTO restaurant_type (restaurant_id , cuisine) VALUES (12,'Mexican');
INSERT INTO restaurant_type (restaurant_id , cuisine) VALUES (13,'Dessert');
INSERT INTO restaurant_type (restaurant_id , cuisine) VALUES (14,'Italian');
INSERT INTO restaurant_type (restaurant_id , cuisine) VALUES (15,'American');
INSERT INTO restaurant_type (restaurant_id , cuisine) VALUES (16,'Indian');
INSERT INTO restaurant_type (restaurant_id , cuisine) VALUES (17,'American');
INSERT INTO restaurant_type (restaurant_id , cuisine) VALUES (18,'American');
INSERT INTO restaurant_type (restaurant_id , cuisine) VALUES (19,'Middle East');
INSERT INTO restaurant_type (restaurant_id , cuisine) VALUES (20,'Asian');

SELECT * FROM restaurant_type;

--food

INSERT INTO food (restaurant_id, food_name,  price, food_description)
VALUES ( 1, 'Chilaquiles',30.95,'Made of triangular pieces of fried or toasted corn tortilla called totopos topped with shredded chicken chorizo shredded beef and scrambled or sunny side up egg');
INSERT INTO food ( restaurant_id, food_name,  price, food_description)
VALUES (2, 'Caprese Salad with Pesto Sauce',42.5,'This combination of juicy tomatoes and mozzarella cheese salad topped with freshly made pesto sauce It offers a twist to the classic caprese salad.');
INSERT INTO food (restaurant_id, food_name, price,  food_description)
VALUES ( 3, 'Lemon-Scented Blueberry Cupcakes',12,'Blueberry cupcakes with tint of lemon.');
INSERT INTO food ( restaurant_id, food_name,  price,  food_description)
VALUES ( 4, 'Macaroni and cheese',20.5,'The ultimate comfort food, macaroni and cheese is also the salvation of many a mom placating a finicky toddler.');
INSERT INTO food ( restaurant_id, food_name,  price,  food_description)
VALUES ( 5, 'Bruschetta',31.2,'An antipasto dish, bruschetta has grilled bread topped with veggies A country bread sliced and topped with different toppings an inventive mushroom-garlic');
INSERT INTO food ( restaurant_id, food_name,  price,  food_description)
VALUES ( 6, 'Chicken Tikka Masala',50.95,'BBQ Chicken Indian style');
INSERT INTO food ( restaurant_id, food_name,  price,  food_description)
VALUES ( 7, 'Turkey Avocado Melt',60.5,'Jalapeno relish red onion local white cheddar Parmesan aioli and sprouted wheat bread.');
INSERT INTO food (restaurant_id, food_name, price,  food_description)
VALUES ( 8, '44 Farms Burger',22.33,'White cheddar peppercorn aioli and bacon marmalade');
INSERT INTO food ( restaurant_id, food_name,  price,  food_description)
VALUES ( 9, 'Italian Sausage Pizza with Pepperoni',20.5,'Caramelized onions roasted peppers and mozzarella');
INSERT INTO food ( restaurant_id, food_name, price,  food_description)
VALUES ( 10, 'BBQ Chicken Pizza with Trio BBQ Sauce',32.95,'Smoked mozzarella caramelized onions and chives.');
INSERT INTO food ( restaurant_id, food_name, price,  food_description)
VALUES ( 11, 'Vijaywada Dum Biryani',82,'Tempered Rice with Chicken (Extremely Spicy)');
INSERT INTO food ( restaurant_id, food_name,  price,  food_description)
VALUES ( 12, 'Lifestyle Bowl',18,'Supergreens salad and whole grain brown rice');
INSERT INTO food ( restaurant_id, food_name,  price,  food_description)
VALUES ( 13, 'Bengali Pan flavoured ice-cream',62.99,'ice cream tub with South Asian Speciality');
INSERT INTO food ( restaurant_id, food_name,  price,  food_description)
VALUES ( 14, 'Arrabita Pasta',56,'Pasta of your choice with White or Red sauce');
INSERT INTO food ( restaurant_id, food_name, price,  food_description)
VALUES ( 15, 'Cheese Pizza',42,'Hand Tossed Pizzabase and homemade Cheese');
INSERT INTO food ( restaurant_id, food_name, price,  food_description)
VALUES ( 16, 'Paneer Butter Masala',52.5,'Cottage Cheese Curry with Indian spices and Naan');
INSERT INTO food ( restaurant_id, food_name, price,  food_description)
VALUES ( 17, 'Nuggets',15,'Chicken Nuggets Finger lickin good');
INSERT INTO food ( restaurant_id, food_name, price,  food_description)
VALUES ( 18, 'Big Mac',10.33,'Big Mac Cheese burger with Free Fries');
INSERT INTO food ( restaurant_id, food_name, price,  food_description)
VALUES ( 19, 'Sikkh Kebab',22.5,'Chicken BBQ Eastern style');
INSERT INTO food ( restaurant_id, food_name, price,  food_description)
VALUES ( 20, 'Cappuccino',12,'Coffee with Whole milk, Almond milk, or Soya milk');

--orders

INSERT INTO orders (user_id,restaurant_id,order_time,special_instructions,order_status) VALUES (1,5,'2020-05-13 10:06:05','ALLERGIC TO PEANUTS','DELIVERED');
INSERT INTO orders (user_id,restaurant_id,order_time,special_instructions,order_status) VALUES (20,2,'2020-05-13 22:19:40','STRICTLY VEGAN','DELIVERED');
INSERT INTO orders (user_id,restaurant_id,order_time,special_instructions,order_status) VALUES (13,5,'2020-05-20 10:56:53',NULL,'CANCELLED');
INSERT INTO orders (user_id,restaurant_id,order_time,special_instructions,order_status) VALUES (4,1,'2020-06-24 12:00:58','MAKE IT MORE SPICY','DELIVERED');
INSERT INTO orders (user_id,restaurant_id,order_time,special_instructions,order_status) VALUES (3,11,'2020-07-19 17:19:26',NULL,'DELIVERED');
INSERT INTO orders (user_id,restaurant_id,order_time,special_instructions,order_status) VALUES (5,6,'2020-09-25 20:28:18','NO ANCHOVIES','DELIVERED');
INSERT INTO orders (user_id,restaurant_id,order_time,special_instructions,order_status) VALUES (6,2,'2020-11-24 11:52:22','ALLERGIC TO GARLIC','DELIVERED');
INSERT INTO orders (user_id,restaurant_id,order_time,special_instructions,order_status) VALUES (1,9,'2020-12-31 12:01:17',NULL,'DELIVERED');
INSERT INTO orders (user_id,restaurant_id,order_time,special_instructions,order_status) VALUES (2,3,'2020-12-31 22:32:11','MORE SPICY','DELIVERED');
INSERT INTO orders (user_id,restaurant_id,order_time,special_instructions,order_status) VALUES (23,5,'2021-01-16 12:13:05','MEDIUM RARE','CANCELLED');
INSERT INTO orders (user_id,restaurant_id,order_time,special_instructions,order_status) VALUES (45,11,'2021-03-30 10:56:48','MAKE IT QUICK PLEASE','DELIVERED');
INSERT INTO orders (user_id,restaurant_id,order_time,special_instructions,order_status) VALUES (52,5,'2021-03-16 13:43:31',NULL,'DELIVERED');
INSERT INTO orders (user_id,restaurant_id,order_time,special_instructions,order_status) VALUES (1,15,'2021-04-20 12:54:50','ALLERGIC TO PEANUTS','DELIVERED');
INSERT INTO orders (user_id,restaurant_id,order_time,special_instructions,order_status) VALUES (3,11,'2021-05-14 16:21:25','MORE SPICY','DELIVERED');
INSERT INTO orders (user_id,restaurant_id,order_time,special_instructions,order_status) VALUES (5,2,'2021-06-25 10:48:23','CHEF SPECIAL','DELIVERED');
INSERT INTO orders (user_id,restaurant_id,order_time,special_instructions,order_status) VALUES (12,7,'2021-07-10 12:35:07',NULL,'DELIVERED');
INSERT INTO orders (user_id,restaurant_id,order_time,special_instructions,order_status) VALUES (1,9,'2021-08-08 15:40:56',NULL,'DELIVERED');
INSERT INTO orders (user_id,restaurant_id,order_time,special_instructions,order_status) VALUES (10,5,'2021-09-29 20:27:37','SURPRISE ME','CANCELLED');
INSERT INTO orders (user_id,restaurant_id,order_time,special_instructions,order_status) VALUES (5,6,'2021-03-27 08:50:04',NULL,'DELIVERED');
INSERT INTO orders (user_id,restaurant_id,order_time,special_instructions,order_status) VALUES (1,10,'2021-04-06 21:39:52',NULL,'DELIVERED');
INSERT INTO orders (user_id,restaurant_id,order_time,special_instructions,order_status) VALUES (4,16,'2021-05-22 16:22:05','EXTRA FRIED','DELIVERED');
INSERT INTO orders (user_id,restaurant_id,order_time,special_instructions,order_status) VALUES (1,2,'2021-06-12 20:33:37',NULL,'DELIVERED');
INSERT INTO orders (user_id,restaurant_id,order_time,special_instructions,order_status) VALUES (3,12,'2021-06-30 22:19:46','ALLERGIC TO PEANUTS','DELIVERED');
INSERT INTO orders (user_id,restaurant_id,order_time,special_instructions,order_status) VALUES (1,1,'2021-07-07 23:00:10',NULL,'DELIVERED');
INSERT INTO orders (user_id,restaurant_id,order_time,special_instructions,order_status) VALUES (2,18,'2021-07-10 12:47:29',NULL,'DELIVERED');
INSERT INTO orders (user_id,restaurant_id,order_time,special_instructions,order_status) VALUES (1,15,'2021-08-02 14:48:50',NULL,'DELIVERED');
INSERT INTO orders (user_id,restaurant_id,order_time,special_instructions,order_status) VALUES (33,3,'2021-08-18 10:15:32',NULL,'CANCELLED');
INSERT INTO orders (user_id,restaurant_id,order_time,special_instructions,order_status) VALUES (22,1,'2021-09-15 22:22:03','EXTRA PICKLES','DELIVERED');
INSERT INTO orders (user_id,restaurant_id,order_time,special_instructions,order_status) VALUES (32,15,'2021-09-28 18:29:12',NULL,'DELIVERED');
INSERT INTO orders (user_id,restaurant_id,order_time,special_instructions,order_status) VALUES (55,20,'2021-10-05 17:01:47',NULL,'DELIVERED');
INSERT INTO orders (user_id,restaurant_id,order_time,special_instructions,order_status) VALUES (7,20,'2021-10-25 20:54:15','ALLERGIC TO SEAFOOD','DELIVERED');
INSERT INTO orders (user_id,restaurant_id,order_time,special_instructions,order_status) VALUES (3,12,'2021-10-26 13:37:26',NULL,'DELIVERED');
INSERT INTO orders (user_id,restaurant_id,order_time,special_instructions,order_status) VALUES (6,13,'2021-10-27 19:13:55','ALLERGIC TO PEANUTS','DELIVERED');
INSERT INTO orders (user_id,restaurant_id,order_time,special_instructions,order_status) VALUES (18,18,'2021-10-29 16:38:02',NULL,'DELIVERED');
INSERT INTO orders (user_id,restaurant_id,order_time,special_instructions,order_status) VALUES (29,12,'2021-10-29 17:38:21',NULL,'DELIVERED');
INSERT INTO orders (user_id,restaurant_id,order_time,special_instructions,order_status) VALUES (9,19,'2021-10-30 10:33:45',NULL,'DELIVERED');
INSERT INTO orders (user_id,restaurant_id,order_time,special_instructions,order_status) VALUES (11,5,'2021-10-30 14:19:46','EXTRA CHEESE','CANCELLED');
INSERT INTO orders (user_id,restaurant_id,order_time,special_instructions,order_status) VALUES (20,15,'2021-10-30 19:21:37',NULL,'DELIVERED');
INSERT INTO orders (user_id,restaurant_id,order_time,special_instructions,order_status) VALUES (15,11,'2021-10-30 21:45:40','ALLERGIC TO SOYA','IN PROGRESS');
INSERT INTO orders (user_id,restaurant_id,order_time,special_instructions,order_status) VALUES (2,20,'2021-10-30 22:18:16','NO ONIONS','OPEN');

SELECT * FROM orders;

--order_line

INSERT INTO order_line ( order_id,food_id, quantity ) VALUES (	1	,	2	,	4	);
INSERT INTO order_line ( order_id,food_id, quantity ) VALUES (	2	,	15	,	2	);
INSERT INTO order_line ( order_id,food_id, quantity ) VALUES (	3	,	3	,	1	);
INSERT INTO order_line ( order_id,food_id, quantity ) VALUES (	4	,	13	,	8	);
INSERT INTO order_line ( order_id,food_id, quantity ) VALUES (	5	,	4	,	3	);
INSERT INTO order_line ( order_id,food_id, quantity ) VALUES (	6	,	1	,	4	);
INSERT INTO order_line ( order_id,food_id, quantity ) VALUES (	7	,	12	,	7	);
INSERT INTO order_line ( order_id,food_id, quantity ) VALUES (	8	,	2	,	2	);
INSERT INTO order_line ( order_id,food_id, quantity ) VALUES (	9	,	10	,	1	);
INSERT INTO order_line ( order_id,food_id, quantity ) VALUES (	10	,	2	,	3	);
INSERT INTO order_line ( order_id,food_id, quantity ) VALUES (	11	,	1	,	1	);
INSERT INTO order_line ( order_id,food_id, quantity ) VALUES (	12	,	8	,	2	);
INSERT INTO order_line ( order_id,food_id, quantity ) VALUES (	13	,	1	,	1	);
INSERT INTO order_line ( order_id,food_id, quantity ) VALUES (	14	,	2	,	4	);
INSERT INTO order_line ( order_id,food_id, quantity ) VALUES (	15	,	4	,	6	);
INSERT INTO order_line ( order_id,food_id, quantity ) VALUES (	16	,	4	,	7	);
INSERT INTO order_line ( order_id,food_id, quantity ) VALUES (	17	,	2	,	1	);
INSERT INTO order_line ( order_id,food_id, quantity ) VALUES (	18	,	1	,	2	);
INSERT INTO order_line ( order_id,food_id, quantity ) VALUES (	19	,	6	,	3	);
INSERT INTO order_line ( order_id,food_id, quantity ) VALUES (	20	,	11	,	4	);
INSERT INTO order_line ( order_id,food_id, quantity ) VALUES (	21	,	2	,	8	);
INSERT INTO order_line ( order_id,food_id, quantity ) VALUES (	22	,	13	,	3	);
INSERT INTO order_line ( order_id,food_id, quantity ) VALUES (	23	,	4	,	1	);
INSERT INTO order_line ( order_id,food_id, quantity ) VALUES (	24	,	1	,	2	);
INSERT INTO order_line ( order_id,food_id, quantity ) VALUES (	25	,	12	,	1	);
INSERT INTO order_line ( order_id,food_id, quantity ) VALUES (	26	,	2	,	3	);
INSERT INTO order_line ( order_id,food_id, quantity ) VALUES (	27	,	10	,	5	);
INSERT INTO order_line ( order_id,food_id, quantity ) VALUES (	28	,	2	,	10	);
INSERT INTO order_line ( order_id,food_id, quantity ) VALUES (	29	,	1	,	2	);
INSERT INTO order_line ( order_id,food_id, quantity ) VALUES (	30	,	8	,	6	);
INSERT INTO order_line ( order_id,food_id, quantity ) VALUES (	31	,	1	,	4	);
INSERT INTO order_line ( order_id,food_id, quantity ) VALUES (	32	,	2	,	1	);
INSERT INTO order_line ( order_id,food_id, quantity ) VALUES (	33	,	4	,	2	);
INSERT INTO order_line ( order_id,food_id, quantity ) VALUES (	34	,	4	,	1	);
INSERT INTO order_line ( order_id,food_id, quantity ) VALUES (	35	,	2	,	3	);
INSERT INTO order_line ( order_id,food_id, quantity ) VALUES (	36	,	1	,	1	);
INSERT INTO order_line ( order_id,food_id, quantity ) VALUES (	37	,	11	,	2	);
INSERT INTO order_line ( order_id,food_id, quantity ) VALUES (	38	,	2	,	2	);
INSERT INTO order_line ( order_id,food_id, quantity ) VALUES (	39	,	1	,	1	);
INSERT INTO order_line ( order_id,food_id, quantity ) VALUES (	40	,	8	,	4	);

SELECT * FROM order_line;


INSERT INTO delivery ( order_id,delivery_agent_id, first_mile,last_mile ) VALUES (	1	,	1	,	2	,	14	);
INSERT INTO delivery ( order_id,delivery_agent_id, first_mile,last_mile ) VALUES (	2	,	8	,	3	,	12	);
INSERT INTO delivery ( order_id,delivery_agent_id, first_mile,last_mile ) VALUES (	3	,	12	,	5	,	7	);
INSERT INTO delivery ( order_id,delivery_agent_id, first_mile,last_mile ) VALUES (	4	,	16	,	7	,	6	);
INSERT INTO delivery ( order_id,delivery_agent_id, first_mile,last_mile ) VALUES (	5	,	20	,	9	,	3	);
INSERT INTO delivery ( order_id,delivery_agent_id, first_mile,last_mile ) VALUES (	6	,	24	,	1	,	14	);
INSERT INTO delivery ( order_id,delivery_agent_id, first_mile,last_mile ) VALUES (	7	,	28	,	3	,	11	);
INSERT INTO delivery ( order_id,delivery_agent_id, first_mile,last_mile ) VALUES (	8	,	32	,	2	,	9	);
INSERT INTO delivery ( order_id,delivery_agent_id, first_mile,last_mile ) VALUES (	9	,	36	,	4	,	7	);
INSERT INTO delivery ( order_id,delivery_agent_id, first_mile,last_mile ) VALUES (	10	,	40	,	5	,	5	);
INSERT INTO delivery ( order_id,delivery_agent_id, first_mile,last_mile ) VALUES (	11	,	44	,	6	,	7	);
INSERT INTO delivery ( order_id,delivery_agent_id, first_mile,last_mile ) VALUES (	12	,	1	,	2	,	13	);
INSERT INTO delivery ( order_id,delivery_agent_id, first_mile,last_mile ) VALUES (	13	,	8	,	1	,	10	);
INSERT INTO delivery ( order_id,delivery_agent_id, first_mile,last_mile ) VALUES (	14	,	12	,	5	,	4	);
INSERT INTO delivery ( order_id,delivery_agent_id, first_mile,last_mile ) VALUES (	15	,	16	,	4	,	8	);
INSERT INTO delivery ( order_id,delivery_agent_id, first_mile,last_mile ) VALUES (	16	,	20	,	7	,	5	);
INSERT INTO delivery ( order_id,delivery_agent_id, first_mile,last_mile ) VALUES (	17	,	24	,	8	,	3	);
INSERT INTO delivery ( order_id,delivery_agent_id, first_mile,last_mile ) VALUES (	18	,	28	,	3	,	11	);
INSERT INTO delivery ( order_id,delivery_agent_id, first_mile,last_mile ) VALUES (	19	,	32	,	5	,	5	);
INSERT INTO delivery ( order_id,delivery_agent_id, first_mile,last_mile ) VALUES (	20	,	36	,	4	,	6	);
INSERT INTO delivery ( order_id,delivery_agent_id, first_mile,last_mile ) VALUES (	21	,	40	,	2	,	9	);
INSERT INTO delivery ( order_id,delivery_agent_id, first_mile,last_mile ) VALUES (	22	,	44	,	8	,	2	);
INSERT INTO delivery ( order_id,delivery_agent_id, first_mile,last_mile ) VALUES (	23	,	1	,	3	,	11	);
INSERT INTO delivery ( order_id,delivery_agent_id, first_mile,last_mile ) VALUES (	24	,	8	,	9	,	2	);
INSERT INTO delivery ( order_id,delivery_agent_id, first_mile,last_mile ) VALUES (	25	,	12	,	1	,	11	);
INSERT INTO delivery ( order_id,delivery_agent_id, first_mile,last_mile ) VALUES (	26	,	16	,	3	,	8	);
INSERT INTO delivery ( order_id,delivery_agent_id, first_mile,last_mile ) VALUES (	27	,	20	,	5	,	5	);
INSERT INTO delivery ( order_id,delivery_agent_id, first_mile,last_mile ) VALUES (	28	,	24	,	6	,	5	);
INSERT INTO delivery ( order_id,delivery_agent_id, first_mile,last_mile ) VALUES (	29	,	28	,	3	,	8	);
INSERT INTO delivery ( order_id,delivery_agent_id, first_mile,last_mile ) VALUES (	30	,	32	,	2	,	6	);
INSERT INTO delivery ( order_id,delivery_agent_id, first_mile,last_mile ) VALUES (	31	,	36	,	8	,	2	);
INSERT INTO delivery ( order_id,delivery_agent_id, first_mile,last_mile ) VALUES (	32	,	40	,	1	,	1	);
INSERT INTO delivery ( order_id,delivery_agent_id, first_mile,last_mile ) VALUES (	33	,	44	,	3	,	6	);
INSERT INTO delivery ( order_id,delivery_agent_id, first_mile,last_mile ) VALUES (	34	,	8	,	5	,	7	);
INSERT INTO delivery ( order_id,delivery_agent_id, first_mile,last_mile ) VALUES (	35	,	1	,	3	,	6	);
INSERT INTO delivery ( order_id,delivery_agent_id, first_mile,last_mile ) VALUES (	36	,	12	,	8	,	2	);
INSERT INTO delivery ( order_id,delivery_agent_id, first_mile,last_mile ) VALUES (	37	,	1	,	2	,	9	);
INSERT INTO delivery ( order_id,delivery_agent_id, first_mile,last_mile ) VALUES (	38	,	8	,	4	,	2	);
INSERT INTO delivery ( order_id,delivery_agent_id, first_mile,last_mile ) VALUES (	39	,	1	,	3	,	8	);
INSERT INTO delivery ( order_id,delivery_agent_id, first_mile,last_mile ) VALUES (	40	,	44	,	7	,	3	);

SELECT * FROM delivery;

INSERT INTO order_payment (user_id,order_id,payment_mode_id)  
SELECT p.user_id,o.order_id,p.payment_mode_id FROM payment_mode p INNER JOIN orders o 
on p.user_id=o.user_id
;

SELECT * FROM order_payment;

INSERT INTO coupons ( user_id,codenum,discount_percent, startdate,expirydate) VALUES (	1	,'VWU17LIG8OO',	10	,	CAST(DATEADD(DAY, -30, getdate()) AS date)	,	CAST(DATEADD(DAY, 50, getdate()) as date)	);
INSERT INTO coupons ( user_id,codenum,discount_percent, startdate,expirydate) VALUES (	8	,'CWY90MIF5XQ',	5.5	,	CAST(DATEADD(DAY, -30, getdate()) AS date)	,	CAST(DATEADD(DAY, 65, getdate()) as date)	);
INSERT INTO coupons ( user_id,codenum,discount_percent, startdate,expirydate) VALUES (	12	,'FQJ67YJE7IK',	20	,	CAST(DATEADD(DAY, -30, getdate()) AS date)	,	CAST(DATEADD(DAY, 55, getdate()) as date)	);
INSERT INTO coupons ( user_id,codenum,discount_percent, startdate,expirydate) VALUES (	16	,'NJG34KGJ7OI',	5	,	CAST(DATEADD(DAY, -30, getdate()) AS date)	,	CAST(DATEADD(DAY, 366, getdate()) as date)	);
INSERT INTO coupons ( user_id,codenum,discount_percent, startdate,expirydate) VALUES (	20	,'SNE32JFP5CV',	25	,	CAST(DATEADD(DAY, -30, getdate()) AS date)	,	CAST(DATEADD(DAY, 365, getdate()) as date)	);
INSERT INTO coupons ( user_id,codenum,discount_percent, startdate,expirydate) VALUES (	24	,'KUF17CKR4FS',	10	,	CAST(DATEADD(DAY, -30, getdate()) AS date)	,	CAST(DATEADD(DAY, 5, getdate()) as date)	);
INSERT INTO coupons ( user_id,codenum,discount_percent, startdate,expirydate) VALUES (	28	,'ZDW66MBC8PW',	15	,	CAST(DATEADD(DAY, -30, getdate()) AS date)	,	CAST(DATEADD(DAY, 15, getdate()) as date)	);
INSERT INTO coupons ( user_id,codenum,discount_percent, startdate,expirydate) VALUES (	32	,'YRI53QDG9XA',	5	,	CAST(DATEADD(DAY, -30, getdate()) AS date)	,	CAST(DATEADD(DAY, 20, getdate()) as date)	);
INSERT INTO coupons ( user_id,codenum,discount_percent, startdate,expirydate) VALUES (	36	,'FEE63QLL2VW',	75	,	CAST(DATEADD(DAY, -30, getdate()) AS date)	,	CAST(DATEADD(DAY, 30, getdate()) as date)	);
INSERT INTO coupons ( user_id,codenum,discount_percent, startdate,expirydate) VALUES (	40	,'ZJF49ENR2PX',	20	,	CAST(DATEADD(DAY, -30, getdate()) AS date)	,	CAST(DATEADD(DAY,40, getdate()) as date)	);
INSERT INTO coupons ( user_id,codenum,discount_percent, startdate,expirydate) VALUES (	44	,'WRD61MLL2NQ',	4	,	CAST(DATEADD(DAY, -30, getdate()) AS date)	,	CAST(DATEADD(DAY, 50, getdate()) as date)	);
INSERT INTO coupons ( user_id,codenum,discount_percent, startdate,expirydate) VALUES (	1	,'XGE86ENV0TW',	50	,	CAST(DATEADD(DAY, -30, getdate()) AS date)	,	CAST(DATEADD(DAY, 100, getdate()) as date)	);
INSERT INTO coupons ( user_id,codenum,discount_percent, startdate,expirydate) VALUES (	2	,'WQC60UJC8EV',	5	,	CAST(DATEADD(DAY, -30, getdate()) AS date)	,	CAST(DATEADD(DAY, 50, getdate()) as date)	);
INSERT INTO coupons ( user_id,codenum,discount_percent, startdate,expirydate) VALUES (	3	,'XKP36SMW2DZ',	25	,	CAST(DATEADD(DAY, -30, getdate()) AS date)	,	CAST(DATEADD(DAY, 65, getdate()) as date)	);
INSERT INTO coupons ( user_id,codenum,discount_percent, startdate,expirydate) VALUES (	4	,'GUG91DTO5LE',	10	,	CAST(DATEADD(DAY, -30, getdate()) AS date)	,	CAST(DATEADD(DAY, 55, getdate()) as date)	);
INSERT INTO coupons ( user_id,codenum,discount_percent, startdate,expirydate) VALUES (	5	,'IHW13WIX1EK',	15	,	CAST(DATEADD(DAY, -30, getdate()) AS date)	,	CAST(DATEADD(DAY, 366, getdate()) as date)	);
INSERT INTO coupons ( user_id,codenum,discount_percent, startdate,expirydate) VALUES (	10	,'YWR27PKP3NG',	5	,	CAST(DATEADD(DAY, -30, getdate()) AS date)	,	CAST(DATEADD(DAY, 365, getdate()) as date)	);
INSERT INTO coupons ( user_id,codenum,discount_percent, startdate,expirydate) VALUES (	12	,'FHV30JCE1YF',	75	,	CAST(DATEADD(DAY, -30, getdate()) AS date)	,	CAST(DATEADD(DAY, 5, getdate()) as date)	);
INSERT INTO coupons ( user_id,codenum,discount_percent, startdate,expirydate) VALUES (	14	,'BGB65GKI0MG',	20	,	CAST(DATEADD(DAY, -30, getdate()) AS date)	,	CAST(DATEADD(DAY, 15, getdate()) as date)	);
INSERT INTO coupons ( user_id,codenum,discount_percent, startdate,expirydate) VALUES (	16	,'FQK75WXX5NH',	4	,	CAST(DATEADD(DAY, -30, getdate()) AS date)	,	CAST(DATEADD(DAY, 20, getdate()) as date)	);
INSERT INTO coupons ( user_id,codenum,discount_percent, startdate,expirydate) VALUES (	11	,'SOG12ERT7XU',	5	,	CAST(DATEADD(DAY, -30, getdate()) AS date)	,	CAST(DATEADD(DAY, 30, getdate()) as date)	);
INSERT INTO coupons ( user_id,codenum,discount_percent, startdate,expirydate) VALUES (	22	,'VEN23XRG7JD',	25	,	CAST(DATEADD(DAY, -30, getdate()) AS date)	,	CAST(DATEADD(DAY,40, getdate()) as date)	);
INSERT INTO coupons ( user_id,codenum,discount_percent, startdate,expirydate) VALUES (	5	,'IXL17XWN2GU',	10	,	CAST(DATEADD(DAY, -30, getdate()) AS date)	,	CAST(DATEADD(DAY, 50, getdate()) as date)	);
INSERT INTO coupons ( user_id,codenum,discount_percent, startdate,expirydate) VALUES (	10	,'XLJ94QSU0LN',	15	,	CAST(DATEADD(DAY, -30, getdate()) AS date)	,	CAST(DATEADD(DAY, 100, getdate()) as date)	);
INSERT INTO coupons ( user_id,codenum,discount_percent, startdate,expirydate) VALUES (	12	,'CHT30HLH8KN',	5	,	CAST(DATEADD(DAY, -30, getdate()) AS date)	,	CAST(DATEADD(DAY, 366, getdate()) as date)	);
INSERT INTO coupons ( user_id,codenum,discount_percent, startdate,expirydate) VALUES (	4	,'OIP14AEG4FW',	50	,	CAST(DATEADD(DAY, -30, getdate()) AS date)	,	CAST(DATEADD(DAY, 365, getdate()) as date)	);
INSERT INTO coupons ( user_id,codenum,discount_percent, startdate,expirydate) VALUES (	10	,'KUR41IDB8BC',	20	,	CAST(DATEADD(DAY, -30, getdate()) AS date)	,	CAST(DATEADD(DAY, 5, getdate()) as date)	);
INSERT INTO coupons ( user_id,codenum,discount_percent, startdate,expirydate) VALUES (	12	,'QOG07BIE6MJ',	4	,	CAST(DATEADD(DAY, -30, getdate()) AS date)	,	CAST(DATEADD(DAY, 15, getdate()) as date)	);
INSERT INTO coupons ( user_id,codenum,discount_percent, startdate,expirydate) VALUES (	14	,'UDM14KIC1GO',	5	,	CAST(DATEADD(DAY, -30, getdate()) AS date)	,	CAST(DATEADD(DAY, 50, getdate()) as date)	);
INSERT INTO coupons ( user_id,codenum,discount_percent, startdate,expirydate) VALUES (	16	,'JBO13ROO1OQ',	25	,	CAST(DATEADD(DAY, -30, getdate()) AS date)	,	CAST(DATEADD(DAY, 65, getdate()) as date)	);
INSERT INTO coupons ( user_id,codenum,discount_percent, startdate,expirydate) VALUES (	11	,'XSS68PFP0LD',	10	,	CAST(DATEADD(DAY, -30, getdate()) AS date)	,	CAST(DATEADD(DAY, 55, getdate()) as date)	);
INSERT INTO coupons ( user_id,codenum,discount_percent, startdate,expirydate) VALUES (	22	,'FNW50UNT0VZ',	15	,	CAST(DATEADD(DAY, -30, getdate()) AS date)	,	CAST(DATEADD(DAY, 366, getdate()) as date)	);
INSERT INTO coupons ( user_id,codenum,discount_percent, startdate,expirydate) VALUES (	1	,'QVF63QAT0ME',	5	,	CAST(DATEADD(DAY, -30, getdate()) AS date)	,	CAST(DATEADD(DAY, 365, getdate()) as date)	);
INSERT INTO coupons ( user_id,codenum,discount_percent, startdate,expirydate) VALUES (	3	,'FYC80EFY6PK',	25	,	CAST(DATEADD(DAY, -30, getdate()) AS date)	,	CAST(DATEADD(DAY, 5, getdate()) as date)	);
INSERT INTO coupons ( user_id,codenum,discount_percent, startdate,expirydate) VALUES (	4	,'ICS85VVW5DJ',	20	,	CAST(DATEADD(DAY, -30, getdate()) AS date)	,	CAST(DATEADD(DAY, 15, getdate()) as date)	);
INSERT INTO coupons ( user_id,codenum,discount_percent, startdate,expirydate) VALUES (	5	,'TJK37SNK3GD',	4	,	CAST(DATEADD(DAY, -30, getdate()) AS date)	,	CAST(DATEADD(DAY, 20, getdate()) as date)	);
INSERT INTO coupons ( user_id,codenum,discount_percent, startdate,expirydate) VALUES (	2	,'QRY71JVJ5DS',	10	,	CAST(DATEADD(DAY, -30, getdate()) AS date)	,	CAST(DATEADD(DAY, 30, getdate()) as date)	);
INSERT INTO coupons ( user_id,codenum,discount_percent, startdate,expirydate) VALUES (	6	,'HGN39QGJ6IH',	20	,	CAST(DATEADD(DAY, -30, getdate()) AS date)	,	CAST(DATEADD(DAY,40, getdate()) as date)	);
INSERT INTO coupons ( user_id,codenum,discount_percent, startdate,expirydate) VALUES (	8	,'MCI25LLA7MM',	25	,	CAST(DATEADD(DAY, -30, getdate()) AS date)	,	CAST(DATEADD(DAY, 50, getdate()) as date)	);
INSERT INTO coupons ( user_id,codenum,discount_percent, startdate,expirydate) VALUES (	40	,'BJY52SHU2TS',	33	,	CAST(DATEADD(DAY, -30, getdate()) AS date)	,	CAST(DATEADD(DAY, 100, getdate()) as date)	);

SELECT * FROM coupons;

INSERT INTO payment_mode (user_id) VALUES (	1	);
INSERT INTO payment_mode (user_id) VALUES (	2	);
INSERT INTO payment_mode (user_id) VALUES (	3	);
INSERT INTO payment_mode (user_id) VALUES (	4	);
INSERT INTO payment_mode (user_id) VALUES (	5	);
INSERT INTO payment_mode (user_id) VALUES (	6	);
INSERT INTO payment_mode (user_id) VALUES (	7	);
INSERT INTO payment_mode (user_id) VALUES (	8	);
INSERT INTO payment_mode (user_id) VALUES (	9	);
INSERT INTO payment_mode (user_id) VALUES (	10	);
INSERT INTO payment_mode (user_id) VALUES (	11	);
INSERT INTO payment_mode (user_id) VALUES (	12	);
INSERT INTO payment_mode (user_id) VALUES (	13	);
INSERT INTO payment_mode (user_id) VALUES (	14	);
INSERT INTO payment_mode (user_id) VALUES (	15	);
INSERT INTO payment_mode (user_id) VALUES (	16	);
INSERT INTO payment_mode (user_id) VALUES (	17	);
INSERT INTO payment_mode (user_id) VALUES (	18	);
INSERT INTO payment_mode (user_id) VALUES (	19	);
INSERT INTO payment_mode (user_id) VALUES (	20	);
INSERT INTO payment_mode (user_id) VALUES (	21	);
INSERT INTO payment_mode (user_id) VALUES (	22	);
INSERT INTO payment_mode (user_id) VALUES (	23	);
INSERT INTO payment_mode (user_id) VALUES (	24	);
INSERT INTO payment_mode (user_id) VALUES (	25	);
INSERT INTO payment_mode (user_id) VALUES (	26	);
INSERT INTO payment_mode (user_id) VALUES (	27	);
INSERT INTO payment_mode (user_id) VALUES (	28	);
INSERT INTO payment_mode (user_id) VALUES (	29	);
INSERT INTO payment_mode (user_id) VALUES (	30	);
INSERT INTO payment_mode (user_id) VALUES (	31	);
INSERT INTO payment_mode (user_id) VALUES (	32	);
INSERT INTO payment_mode (user_id) VALUES (	33	);
INSERT INTO payment_mode (user_id) VALUES (	34	);
INSERT INTO payment_mode (user_id) VALUES (	35	);
INSERT INTO payment_mode (user_id) VALUES (	36	);
INSERT INTO payment_mode (user_id) VALUES (	37	);
INSERT INTO payment_mode (user_id) VALUES (	38	);
INSERT INTO payment_mode (user_id) VALUES (	39	);
INSERT INTO payment_mode (user_id) VALUES (	40	);
INSERT INTO payment_mode (user_id) VALUES (	41	);
INSERT INTO payment_mode (user_id) VALUES (	42	);
INSERT INTO payment_mode (user_id) VALUES (	43	);
INSERT INTO payment_mode (user_id) VALUES (	44	);
INSERT INTO payment_mode (user_id) VALUES (	45	);
INSERT INTO payment_mode (user_id) VALUES (	46	);
INSERT INTO payment_mode (user_id) VALUES (	47	);
INSERT INTO payment_mode (user_id) VALUES (	48	);
INSERT INTO payment_mode (user_id) VALUES (	49	);
INSERT INTO payment_mode (user_id) VALUES (	50	);
INSERT INTO payment_mode (user_id) VALUES (	51	);
INSERT INTO payment_mode (user_id) VALUES (	52	);
INSERT INTO payment_mode (user_id) VALUES (	53	);
INSERT INTO payment_mode (user_id) VALUES (	54	);
INSERT INTO payment_mode (user_id) VALUES (	55	);
INSERT INTO payment_mode (user_id) VALUES (	1	);
INSERT INTO payment_mode (user_id) VALUES (	1	);
INSERT INTO payment_mode (user_id) VALUES (	1	);
INSERT INTO payment_mode (user_id) VALUES (	2	);
INSERT INTO payment_mode (user_id) VALUES (	10	);
INSERT INTO payment_mode (user_id) VALUES (	10	);
INSERT INTO payment_mode (user_id) VALUES (	10	);
INSERT INTO payment_mode (user_id) VALUES (	20	);
INSERT INTO payment_mode (user_id) VALUES (	20	);
INSERT INTO payment_mode (user_id) VALUES (	20	);
INSERT INTO payment_mode (user_id) VALUES (	30	);
INSERT INTO payment_mode (user_id) VALUES (	30	);
INSERT INTO payment_mode (user_id) VALUES (	30	);
INSERT INTO payment_mode (user_id) VALUES (	30	);
INSERT INTO payment_mode (user_id) VALUES (	41	);
INSERT INTO payment_mode (user_id) VALUES (	41	);
INSERT INTO payment_mode (user_id) VALUES (	41	);
INSERT INTO payment_mode (user_id) VALUES (	50	);
INSERT INTO payment_mode (user_id) VALUES (	50	);


SELECT * FROM payment_mode;

INSERT INTO mobile_payments (payment_mode_id, user_id, wallet_name, wallet_number,balance) VALUES (	57	,	1	,'Zelle','YOI26JGL3IV',	10.99	);
INSERT INTO mobile_payments (payment_mode_id, user_id, wallet_name, wallet_number,balance) VALUES (	58	,	1	,'eCash','ENF40HBR8SL',	200	);
INSERT INTO mobile_payments (payment_mode_id, user_id, wallet_name, wallet_number,balance) VALUES (	61	,	10	,'Venmo','OSW15TTY7FN',	213	);
INSERT INTO mobile_payments (payment_mode_id, user_id, wallet_name, wallet_number,balance) VALUES (	62	,	10	,'eCash','WNV51USO0DX',	23	);
INSERT INTO mobile_payments (payment_mode_id, user_id, wallet_name, wallet_number,balance) VALUES (	64	,	20	,'Zelle','CTV92CYB3EX',	12.45	);
INSERT INTO mobile_payments (payment_mode_id, user_id, wallet_name, wallet_number,balance) VALUES (	65	,	20	,'eCash','BNB72GJU0KB',	43.98	);
INSERT INTO mobile_payments (payment_mode_id, user_id, wallet_name, wallet_number,balance) VALUES (	66	,	30	,'Zelle','JST73ZAD4AT',	4.6	);
INSERT INTO mobile_payments (payment_mode_id, user_id, wallet_name, wallet_number,balance) VALUES (	67	,	30	,'Venmo','FVB84GFT1TS',	95.31	);
INSERT INTO mobile_payments (payment_mode_id, user_id, wallet_name, wallet_number,balance) VALUES (	69	,	30	,'ApplePay','IDB37VFE5LI',	11.56	);
INSERT INTO mobile_payments (payment_mode_id, user_id, wallet_name, wallet_number,balance) VALUES (	70	,	41	,'SamsungPay','NIX55SVR0JM',	32.09	);
INSERT INTO mobile_payments (payment_mode_id, user_id, wallet_name, wallet_number,balance) VALUES (	71	,	41	,'Zelle','RPH11TVS7ML',	9.09	);
INSERT INTO mobile_payments (payment_mode_id, user_id, wallet_name, wallet_number,balance) VALUES (	74	,	50	,'eCash','RID61QNQ9OF',	1000.22	);

SELECT * FROM mobile_payments;

INSERT INTO card_payments (payment_mode_id,user_id,card_num,expiry_month,expiry_year) VALUES	(1	,	1	,'5568646466568460','03','22');
INSERT INTO card_payments (payment_mode_id,user_id,card_num,expiry_month,expiry_year) VALUES	(2	,	2	,'5476394142741260','12','21');
INSERT INTO card_payments (payment_mode_id,user_id,card_num,expiry_month,expiry_year) VALUES	(3	,	3	,'5245397877887570','05','23');
INSERT INTO card_payments (payment_mode_id,user_id,card_num,expiry_month,expiry_year) VALUES	(4	,	4	,'5523243863436770','02','22');
INSERT INTO card_payments (payment_mode_id,user_id,card_num,expiry_month,expiry_year) VALUES	(5	,	5	,'5567648564838540','06','23');
INSERT INTO card_payments (payment_mode_id,user_id,card_num,expiry_month,expiry_year) VALUES	(6	,	6	,'5485683672271490','09','24');
INSERT INTO card_payments (payment_mode_id,user_id,card_num,expiry_month,expiry_year) VALUES	(7	,	7	,'5155257442779170','08','26');
INSERT INTO card_payments (payment_mode_id,user_id,card_num,expiry_month,expiry_year) VALUES	(8	,	8	,'5471855662439730','07','23');
INSERT INTO card_payments (payment_mode_id,user_id,card_num,expiry_month,expiry_year) VALUES	(9	,	9	,'5344521446127770','05','22');
INSERT INTO card_payments (payment_mode_id,user_id,card_num,expiry_month,expiry_year) VALUES	(10	,	10	,'5258476862524140','03','22');
INSERT INTO card_payments (payment_mode_id,user_id,card_num,expiry_month,expiry_year) VALUES	(11	,	11	,'5246889289537430','09','23');
INSERT INTO card_payments (payment_mode_id,user_id,card_num,expiry_month,expiry_year) VALUES	(12	,	12	,'5343458987385240','08','25');
INSERT INTO card_payments (payment_mode_id,user_id,card_num,expiry_month,expiry_year) VALUES	(13	,	13	,'5166912263546640','05','23');
INSERT INTO card_payments (payment_mode_id,user_id,card_num,expiry_month,expiry_year) VALUES	(14	,	14	,'5193439867845610','04','22');
INSERT INTO card_payments (payment_mode_id,user_id,card_num,expiry_month,expiry_year) VALUES	(15	,	15	,'5152363877985860','03','25');
INSERT INTO card_payments (payment_mode_id,user_id,card_num,expiry_month,expiry_year) VALUES	(16	,	16	,'5132681625687440','04','24');
INSERT INTO card_payments (payment_mode_id,user_id,card_num,expiry_month,expiry_year) VALUES	(17	,	17	,'5233475653358530','06','26');
INSERT INTO card_payments (payment_mode_id,user_id,card_num,expiry_month,expiry_year) VALUES	(18	,	18	,'5153288526625630','07','22');
INSERT INTO card_payments (payment_mode_id,user_id,card_num,expiry_month,expiry_year) VALUES	(19	,	19	,'5337852674387870','06','23');
INSERT INTO card_payments (payment_mode_id,user_id,card_num,expiry_month,expiry_year) VALUES	(20	,	20	,'5542384835862660','04','25');
INSERT INTO card_payments (payment_mode_id,user_id,card_num,expiry_month,expiry_year) VALUES	(21	,	21	,'5194724322446670','03','23');
INSERT INTO card_payments (payment_mode_id,user_id,card_num,expiry_month,expiry_year) VALUES	(22	,	22	,'5285167451578730','04','24');
INSERT INTO card_payments (payment_mode_id,user_id,card_num,expiry_month,expiry_year) VALUES	(23	,	23	,'5569547857456230','05','25');
INSERT INTO card_payments (payment_mode_id,user_id,card_num,expiry_month,expiry_year) VALUES	(24	,	24	,'5244624816283570','06','26');
INSERT INTO card_payments (payment_mode_id,user_id,card_num,expiry_month,expiry_year) VALUES	(25	,	25	,'5137953288374460','03','25');
INSERT INTO card_payments (payment_mode_id,user_id,card_num,expiry_month,expiry_year) VALUES	(26	,	26	,'5141652663314720','02','26');
INSERT INTO card_payments (payment_mode_id,user_id,card_num,expiry_month,expiry_year) VALUES	(27	,	27	,'5392928751391320','02','22');
INSERT INTO card_payments (payment_mode_id,user_id,card_num,expiry_month,expiry_year) VALUES	(28	,	28	,'5244323472886210','11','22');
INSERT INTO card_payments (payment_mode_id,user_id,card_num,expiry_month,expiry_year) VALUES	(29	,	29	,'5487337551372640','12','23');
INSERT INTO card_payments (payment_mode_id,user_id,card_num,expiry_month,expiry_year) VALUES	(30	,	30	,'5326488389815770','10','24');
INSERT INTO card_payments (payment_mode_id,user_id,card_num,expiry_month,expiry_year) VALUES	(31	,	31	,'5216862889114630','05','25');
INSERT INTO card_payments (payment_mode_id,user_id,card_num,expiry_month,expiry_year) VALUES	(32	,	32	,'5322184656336180','04','26');
INSERT INTO card_payments (payment_mode_id,user_id,card_num,expiry_month,expiry_year) VALUES	(33	,	33	,'5475427312927510','05','24');
INSERT INTO card_payments (payment_mode_id,user_id,card_num,expiry_month,expiry_year) VALUES	(34	,	34	,'5176862537468370','06','26');
INSERT INTO card_payments (payment_mode_id,user_id,card_num,expiry_month,expiry_year) VALUES	(35	,	35	,'5549478587375510','05','23');
INSERT INTO card_payments (payment_mode_id,user_id,card_num,expiry_month,expiry_year) VALUES	(36	,	36	,'5331527357138550','09','22');
INSERT INTO card_payments (payment_mode_id,user_id,card_num,expiry_month,expiry_year) VALUES	(37	,	37	,'5432171398285490','08','23');
INSERT INTO card_payments (payment_mode_id,user_id,card_num,expiry_month,expiry_year) VALUES	(38	,	38	,'5566663438857140','03','23');
INSERT INTO card_payments (payment_mode_id,user_id,card_num,expiry_month,expiry_year) VALUES	(39	,	39	,'5565548842752450','04','22');
INSERT INTO card_payments (payment_mode_id,user_id,card_num,expiry_month,expiry_year) VALUES	(40	,	40	,'5284487545186320','05','23');
INSERT INTO card_payments (payment_mode_id,user_id,card_num,expiry_month,expiry_year) VALUES	(41	,	41	,'5187446857472830','08','23');
INSERT INTO card_payments (payment_mode_id,user_id,card_num,expiry_month,expiry_year) VALUES	(42	,	42	,'5128341538496440','07','22');
INSERT INTO card_payments (payment_mode_id,user_id,card_num,expiry_month,expiry_year) VALUES	(43	,	43	,'5422637545622530','05','26');
INSERT INTO card_payments (payment_mode_id,user_id,card_num,expiry_month,expiry_year) VALUES	(44	,	44	,'5482627356252540','04','23');
INSERT INTO card_payments (payment_mode_id,user_id,card_num,expiry_month,expiry_year) VALUES	(45	,	45	,'5536734873842310','03','26');
INSERT INTO card_payments (payment_mode_id,user_id,card_num,expiry_month,expiry_year) VALUES	(46	,	46	,'5322859282653350','05','23');
INSERT INTO card_payments (payment_mode_id,user_id,card_num,expiry_month,expiry_year) VALUES	(47	,	47	,'5332333327488760','06','24');
INSERT INTO card_payments (payment_mode_id,user_id,card_num,expiry_month,expiry_year) VALUES	(48	,	48	,'5151457962638660','07','23');
INSERT INTO card_payments (payment_mode_id,user_id,card_num,expiry_month,expiry_year) VALUES	(49	,	49	,'5363981278628490','09','22');
INSERT INTO card_payments (payment_mode_id,user_id,card_num,expiry_month,expiry_year) VALUES	(50	,	50	,'5122356327547870','11','22');
INSERT INTO card_payments (payment_mode_id,user_id,card_num,expiry_month,expiry_year) VALUES	(51	,	51	,'5356888653794650','12','21');
INSERT INTO card_payments (payment_mode_id,user_id,card_num,expiry_month,expiry_year) VALUES	(52	,	52	,'5556336533566860','10','21');
INSERT INTO card_payments (payment_mode_id,user_id,card_num,expiry_month,expiry_year) VALUES	(53	,	53	,'5498522636724670','03','23');
INSERT INTO card_payments (payment_mode_id,user_id,card_num,expiry_month,expiry_year) VALUES	(54	,	54	,'5425655862397870','04','24');
INSERT INTO card_payments (payment_mode_id,user_id,card_num,expiry_month,expiry_year) VALUES	(55	,	55	,'5388861786274960','12','22');
INSERT INTO card_payments (payment_mode_id,user_id,card_num,expiry_month,expiry_year) VALUES	(56	,	1	,'5194724322446670','05','23');
INSERT INTO card_payments (payment_mode_id,user_id,card_num,expiry_month,expiry_year) VALUES	(59	,	2	,'5285167451578730','06','24');
INSERT INTO card_payments (payment_mode_id,user_id,card_num,expiry_month,expiry_year) VALUES	(60	,	10	,'5569547857456230','02','25');
INSERT INTO card_payments (payment_mode_id,user_id,card_num,expiry_month,expiry_year) VALUES	(63	,	20	,'5244624816283570','08','26');
INSERT INTO card_payments (payment_mode_id,user_id,card_num,expiry_month,expiry_year) VALUES	(68	,	30	,'5137953288374460','03','25');
INSERT INTO card_payments (payment_mode_id,user_id,card_num,expiry_month,expiry_year) VALUES	(72	,	41	,'5141652663314720','01','26');
INSERT INTO card_payments (payment_mode_id,user_id,card_num,expiry_month,expiry_year) VALUES	(73	,	50	,'5392928751391320','03','22');